State,state_code,Month,Rain,value,RainTmp,RainTmp2,Year
Alabama,AL,January,0.90511,1,0.735,0.57184,2020
Alabama,AL,February,0.11969,2,0.51296,0.07125,2020
Alabama,AL,March,0.74948,3,0.89969,0.664,2020
Alabama,AL,April,0.0724,4,0.89335,0.93909,2020
Alabama,AL,May,0.24285,5,0.11136,0.91549,2020
Alabama,AL,June,0.88963,6,0.99331,0.80712,2020
Alabama,AL,July,0.97009,7,0.93117,0.26092,2020
Alabama,AL,August,0.31,8,0.43079,0.92279,2020
Alabama,AL,September,0.17501,9,0.31,0.99556,2020
Alabama,AL,October,0.55,10,0.016,0.098,2020
Alabama,AL,November,0.89225,11,0.93428,0.65272,2020
Alabama,AL,December,0.05633,12,0.07363,0.24285,2020
Alaska,AK,January,0.601,1,0.10509,0.55564,2020
Alaska,AK,February,0.43936,2,0.92629,0.78948,2020
Alaska,AK,March,0.97428,3,0.72245,0.78364,2020
Alaska,AK,April,0.04695,4,0.13225,0.18999,2020
Alaska,AK,May,0.92004,5,0.99561,0.86539,2020
Alaska,AK,June,0.69386,6,0.10304,0.14729,2020
Alaska,AK,July,0.01184,7,0.08514,0.70838,2020
Alaska,AK,August,0.05315,8,0.9974,0.97523,2020
Alaska,AK,September,0.49752,9,0.98176,0.18494,2020
Alaska,AK,October,0.09147,10,0.05,0.92004,2020
Alaska,AK,November,0.78211,11,0.02321,0.99284,2020
Alaska,AK,December,0.48,12,0.9758,0.98411,2020
Arizona,AZ,January,0.55564,1,0.62836,0.97094,2020
Arizona,AZ,February,0.29118,2,0.8911,0.1566,2020
Arizona,AZ,March,0.12342,3,0.80405,0.13901,2020
Arizona,AZ,April,0.83116,4,0.17011,0.85984,2020
Arizona,AZ,May,0.736,5,0.95069,0.8036,2020
Arizona,AZ,June,0.75943,6,0.81322,0.9784,2020
Arizona,AZ,July,0.80712,7,0.85936,0.006,2020
Arizona,AZ,August,0.97219,8,0.08549,0.80405,2020
Arizona,AZ,September,0.91759,9,0.1534,0.79786,2020
Arizona,AZ,October,0.05954,10,0.0788,0.7916,2020
Arizona,AZ,November,0.21196,11,0.95716,0.12232,2020
Arizona,AZ,December,0.67148,12,0.90763,0.16628,2020
Arkansas,AR,January,0.082,1,0.9989,0.94825,2020
Arkansas,AR,February,0.92968,2,0.77248,0.1598,2020
Arkansas,AR,March,0.1653,3,0.16059,0.00202,2020
Arkansas,AR,April,0.72245,4,0.81926,0.10509,2020
Arkansas,AR,May,0.71551,5,0.02565,0.05315,2020
Arkansas,AR,June,0.066,6,0.83116,0.48,2020
Arkansas,AR,July,0.59635,7,0.06117,0.10643,2020
Arkansas,AR,August,0.20049,8,0.268,0.07296,2020
Arkansas,AR,September,0.98447,9,0.05229,0.02627,2020
Arkansas,AR,October,0.87089,10,0.03978,0.92629,2020
Arkansas,AR,November,0.61044,11,0.0756,0.25,2020
Arkansas,AR,December,0.03797,12,0.48,0.577,2020
California,CA,January,0.72926,1,0.97219,0.02,2020
California,CA,February,0.99429,2,0.84736,0.9646,2020
California,CA,March,0.61504,3,0.35436,0.98644,2020
California,CA,April,0.00224,4,0.91558,0.624,2020
California,CA,May,0.135,5,0.95588,0.88435,2020
California,CA,June,0.84281,6,0.8162,0.2214,2020
California,CA,July,0.40255,7,0.204,0.74613,2020
California,CA,August,0.22432,8,0.26092,0.91512,2020
California,CA,September,0.98044,9,0.98058,0.02412,2020
California,CA,October,0.27517,10,0.24878,0.77892,2020
California,CA,November,0.116,11,0.91014,0.96582,2020
California,CA,December,0.76924,12,0.02568,0.75613,2020
Colorado,CO,January,0.95936,1,0.89485,0.33142,2020
Colorado,CO,February,0.9437,2,0.35469,0.65651,2020
Colorado,CO,March,0.13901,3,0.85794,0.9635,2020
Colorado,CO,April,0.1431,4,0.082,0.03184,2020
Colorado,CO,May,0.645,5,0.72586,0.96085,2020
Colorado,CO,June,0.81625,6,0.96724,0.8162,2020
Colorado,CO,July,0.83992,7,0.00628,0.82968,2020
Colorado,CO,August,0.10502,8,0.03065,0.10862,2020
Colorado,CO,September,0.82524,9,0.05247,0.53292,2020
Colorado,CO,October,0.24878,10,0.988,0.86815,2020
Colorado,CO,November,0.85984,11,0.8535,0.86152,2020
Colorado,CO,December,0.83702,12,0.88455,0.17501,2020
Connecticut,CT,January,0.52,1,0.92455,0.75876,2020
Connecticut,CT,February,0.01372,2,0.2165,0.08364,2020
Connecticut,CT,March,0.69744,3,0.98875,0.06789,2020
Connecticut,CT,April,0.66773,4,0.81584,0.21196,2020
Connecticut,CT,May,0.87901,5,0.88,0.9437,2020
Connecticut,CT,June,0.15159,6,0.96971,0.9974,2020
Connecticut,CT,July,0.68665,7,0.03712,0.3394,2020
Connecticut,CT,August,0.87361,8,0.00305,0.96848,2020
Connecticut,CT,September,0.96154,9,0.06956,0.55,2020
Connecticut,CT,October,0.719,10,0.10163,0.89119,2020
Connecticut,CT,November,0.887,11,0.48904,0.02688,2020
Connecticut,CT,December,0.08514,12,0.0692,0.79416,2020
Delaware,DE,January,0.09471,1,0.71551,0.91919,2020
Delaware,DE,February,0.78845,2,0.18,0.51296,2020
Delaware,DE,March,0.2549,3,0.98598,0.416,2020
Delaware,DE,April,0.00432,4,0.886,0.099,2020
Delaware,DE,May,0.85423,5,0.83406,0.06624,2020
Delaware,DE,June,0.05,6,0.68196,0.08925,2020
Delaware,DE,July,0.76271,7,0.97459,0.95971,2020
Delaware,DE,August,0.64889,8,0.921,0.17482,2020
Delaware,DE,September,0.26127,9,0.78211,0.94375,2020
Delaware,DE,October,0.57184,10,0.99236,0.69027,2020
Delaware,DE,November,0.88169,11,0.887,0.99811,2020
Delaware,DE,December,0.59163,12,0.91759,0.94179,2020
District of Columbia,DC,January,0.77571,1,0.87024,0.1653,2020
District of Columbia,DC,February,0.70473,2,0.1431,0.18948,2020
District of Columbia,DC,March,0.01568,3,0.06276,0.61044,2020
District of Columbia,DC,April,0.19517,4,0.43936,0.99621,2020
District of Columbia,DC,May,0.52664,5,0.02872,0.09147,2020
District of Columbia,DC,June,0.71198,6,0.92298,0.889,2020
District of Columbia,DC,July,0.89485,7,0.9175,0.988,2020
District of Columbia,DC,August,0.84569,8,0.03581,0.77571,2020
District of Columbia,DC,September,0.50548,9,0.96582,0.94935,2020
District of Columbia,DC,October,0.9784,10,0.808,0.147,2020
District of Columbia,DC,November,0.67527,11,0.93135,0.82518,2020
District of Columbia,DC,December,0.46232,12,0.987,0.89969,2020
Florida,FL,January,0.78529,1,0.87468,0.2549,2020
Florida,FL,February,0.00816,2,0.93676,0.77796,2020
Florida,FL,March,0.0788,3,0.47164,0.19408,2020
Florida,FL,April,0.66026,4,0.86815,0.99236,2020
Florida,FL,May,0.65651,5,0.94229,0.94893,2020
Florida,FL,June,0.86539,6,0.96224,0.82726,2020
Florida,FL,July,0.72586,7,0.88169,0.92729,2020
Florida,FL,August,0.0692,8,0.21808,0.90257,2020
Florida,FL,September,0.624,9,0.00618,0.14206,2020
Florida,FL,October,0.74613,10,0.70473,0.048,2020
Florida,FL,November,0.99811,11,0.75281,0.09471,2020
Florida,FL,December,0.95717,12,0.98044,0.56116,2020
Georgia,GA,January,0.70838,1,0.74613,0.15159,2020
Georgia,GA,February,0.98647,2,0.69027,0.08843,2020
Georgia,GA,March,0.8514,3,0.90975,0.69744,2020
Georgia,GA,April,0.77248,4,0.9095,0.02961,2020
Georgia,GA,May,0.75281,5,0.90175,0.82524,2020
Georgia,GA,June,0.156,6,0.22272,0.719,2020
Georgia,GA,July,0.53888,7,0.2152,0.6267,2020
Georgia,GA,August,0.51296,8,0.00513,0.64096,2020
Georgia,GA,September,0.18999,9,0.64889,0.83424,2020
Georgia,GA,October,0.94825,10,0.12232,0.987,2020
Georgia,GA,November,0.73939,11,0.05525,0.17011,2020
Georgia,GA,December,0.14729,12,0.40255,0.48904,2020
Hawaii,HI,January,0.91264,1,0.56656,0.2094,2020
Hawaii,HI,February,0.45168,2,0.76412,0.04941,2020
Hawaii,HI,March,0.92729,3,0.29118,0.66773,2020
Hawaii,HI,April,0.99041,4,0.811,0.09309,2020
Hawaii,HI,May,0.35469,5,0.298,0.008,2020
Hawaii,HI,June,0.04394,6,0.09116,0.75136,2020
Hawaii,HI,July,0.81322,7,0.20049,0.83406,2020
Hawaii,HI,August,0.65272,8,0.06883,0.52,2020
Hawaii,HI,September,0.75613,9,0.89744,0.01845,2020
Hawaii,HI,October,0.56116,10,0.65651,0.97939,2020
Hawaii,HI,November,0.80096,11,0.01962,0.00224,2020
Hawaii,HI,December,0.88435,12,0.84652,0.283,2020
Idaho,ID,January,0.60576,1,0.99041,0.9346,2020
Idaho,ID,February,0.89744,2,0.77892,0.95496,2020
Idaho,ID,March,0.17011,3,0.13848,0.03075,2020
Idaho,ID,April,0.06276,4,0.94598,0.97216,2020
Idaho,ID,May,0.0756,5,0.08736,0.11349,2020
Idaho,ID,June,0.82821,6,0.82,0.79474,2020
Idaho,ID,July,0.63264,7,0.135,0.03712,2020
Idaho,ID,August,0.92489,8,0.85047,0.97635,2020
Idaho,ID,September,0.18,9,0.019,0.87279,2020
Idaho,ID,October,0.10862,10,0.03321,0.91169,2020
Idaho,ID,November,0.95496,11,0.18999,0.26644,2020
Idaho,ID,December,0.48904,12,0.02519,0.91759,2020
Illinois,IL,January,0.93442,1,0.01568,0.76564,2020
Illinois,IL,February,0.54456,2,0.84419,0.02081,2020
Illinois,IL,March,0.9505,3,0.85704,0.99104,2020
Illinois,IL,April,0.62836,4,0.008,0.99561,2020
Illinois,IL,May,0.23064,5,0.97523,0.966,2020
Illinois,IL,June,0.425,6,0.84569,0.0105,2020
Illinois,IL,July,0.64096,7,0.92004,0.78845,2020
Illinois,IL,August,0.93909,8,0.45168,0.0825,2020
Illinois,IL,September,0.87632,9,0.86763,0.94229,2020
Illinois,IL,October,0.82226,10,0.736,0.03427,2020
Illinois,IL,November,0.79474,11,0.94032,0.022,2020
Illinois,IL,December,0.91014,12,0.82518,0.06727,2020
Indiana,IN,January,0.30019,1,0.09309,0.02737,2020
Indiana,IN,February,0.11229,2,0.82968,0.06117,2020
Indiana,IN,March,0.90763,3,0.58685,0.18,2020
Indiana,IN,April,0.01776,4,0.95274,0.92247,2020
Indiana,IN,May,0.91512,5,0.69864,0.84419,2020
Indiana,IN,June,0.58198,6,0.08364,0.11969,2020
Indiana,IN,July,0.33142,7,0.07644,0.05525,2020
Indiana,IN,August,0.63684,8,0.03547,0.15752,2020
Indiana,IN,September,0.86815,9,0.08,0.98845,2020
Indiana,IN,October,0.77892,10,0.05968,0.9876,2020
Indiana,IN,November,0.02568,11,0.96797,0.63264,2020
Indiana,IN,December,0.098,12,0.23588,0.736,2020
Iowa,IA,January,0.683,1,0.3143,0.24268,2020
Iowa,IA,February,0.95274,2,0.889,0.12342,2020
Iowa,IA,March,0.96797,3,0.87767,0.808,2020
Iowa,IA,April,0.13107,4,0.05675,0.87468,2020
Iowa,IA,May,0.98246,5,0.52664,0.09504,2020
Iowa,IA,June,0.84855,6,0.11781,0.06883,2020
Iowa,IA,July,0.85704,7,0.01385,0.0724,2020
Iowa,IA,August,0.701,8,0.84855,0.98075,2020
Iowa,IA,September,0.237,9,0.9876,0.04043,2020
Iowa,IA,October,0.61956,10,0.2549,0.30684,2020
Iowa,IA,November,0.16059,11,0.577,0.01372,2020
Iowa,IA,December,0.93206,12,0.69744,0.9095,2020
Kansas,KS,January,0.76598,1,0.01161,0.81018,2020
Kansas,KS,February,0.02872,2,0.01613,0.02848,2020
Kansas,KS,March,0.53292,3,0.58198,0.13167,2020
Kansas,KS,April,0.035,4,0.8036,0.99041,2020
Kansas,KS,May,0.93676,5,0.86262,0.08829,2020
Kansas,KS,June,0.02,6,0.147,0.86494,2020
Kansas,KS,July,0.01,7,0.8514,0.8535,2020
Kansas,KS,August,0.7916,8,0.76564,0.99377,2020
Kansas,KS,September,0.98845,9,0.16167,0.11564,2020
Kansas,KS,October,0.94598,10,0.85425,0.02565,2020
Kansas,KS,November,0.92247,11,0.72926,0.6791,2020
Kansas,KS,December,0.81018,12,0.9899,0.0692,2020
Kentucky,KY,January,0.90257,1,0.88963,0.22432,2020
Kentucky,KY,February,0.268,2,0.26644,0.85425,2020
Kentucky,KY,March,0.04095,3,0.78948,0.85047,2020
Kentucky,KY,April,0.10147,4,0.08181,0.9637,2020
Kentucky,KY,May,0.73263,5,0.83079,0.007,2020
Kentucky,KY,June,0.28287,6,0.95936,0.83992,2020
Kentucky,KY,July,0.37876,7,0.97009,0.06267,2020
Kentucky,KY,August,0.03184,8,0.97428,0.16972,2020
Kentucky,KY,September,0.79786,9,0.99429,0.25132,2020
Kentucky,KY,October,0.577,10,0.75136,0.92968,2020
Kentucky,KY,November,0.86262,11,0.18494,0.53888,2020
Kentucky,KY,December,0.69027,12,0.90738,0.952,2020
Louisiana,LA,January,0.21808,1,0.98647,0.56786,2020
Louisiana,LA,February,0.206,2,0.92968,0.31,2020
Louisiana,LA,March,0.56656,3,0.11564,0.00816,2020
Louisiana,LA,April,0.8341,4,0.98644,0.92298,2020
Louisiana,LA,May,0.74277,5,0.14206,0.08181,2020
Louisiana,LA,June,0.90001,6,0.98411,0.97858,2020
Louisiana,LA,July,0.02276,7,0.01845,0.9782,2020
Louisiana,LA,August,0.81926,8,0.69386,0.93883,2020
Louisiana,LA,September,0.08829,9,0.01498,0.16167,2020
Louisiana,LA,October,0.18494,10,0.97295,0.89549,2020
Louisiana,LA,November,0.00628,11,0.94799,0.99094,2020
Louisiana,LA,December,0.12721,12,0.94825,0.09263,2020
Maine,ME,January,0.80405,1,0.664,0.88963,2020
Maine,ME,February,0.58685,2,0.74948,0.03845,2020
Maine,ME,March,0.99236,3,0.683,0.81584,2020
Maine,ME,April,0.9637,4,0.37876,0.85936,2020
Maine,ME,May,0.97635,5,0.96475,0.2165,2020
Maine,ME,June,0.96584,6,0.9136,0.72926,2020
Maine,ME,July,0.99621,7,0.237,0.88455,2020
Maine,ME,August,0.47164,8,0.05829,0.73263,2020
Maine,ME,September,0.664,9,0.8341,0.59635,2020
Maine,ME,October,0.6791,10,0.91169,0.1431,2020
Maine,ME,November,0.9414,11,0.09703,0.10925,2020
Maine,ME,December,0.06624,12,0.14729,0.9505,2020
Maryland,MD,January,0.1408,1,0.04043,0.01776,2020
Maryland,MD,February,0.98528,2,0.0825,0.98246,2020
Maryland,MD,March,0.235,3,0.035,0.04661,2020
Maryland,MD,April,0.95069,4,0.94893,0.01613,2020
Maryland,MD,May,0.02081,5,0.04563,0.54456,2020
Maryland,MD,June,0.10716,6,0.01272,0.94753,2020
Maryland,MD,July,0.17708,7,0.425,0.03065,2020
Maryland,MD,August,0.9058,8,0.93929,0.87361,2020
Maryland,MD,September,0.94935,9,0.9505,0.2152,2020
Maryland,MD,October,0.98058,10,0.99094,0.22918,2020
Maryland,MD,November,0.91919,11,0.96824,0.9758,2020
Maryland,MD,December,0.94375,12,0.30684,0.14385,2020
Massachusetts,MA,January,0.96724,1,0.9136,0.135,2020
Massachusetts,MA,February,0.9466,2,0.957,0.11136,2020
Massachusetts,MA,March,0.05984,3,0.98845,0.019,2020
Massachusetts,MA,April,0.96098,4,0.22432,0.93428,2020
Massachusetts,MA,May,0.8122,5,0.83992,0.02101,2020
Massachusetts,MA,June,0.01728,6,0.12844,0.81322,2020
Massachusetts,MA,July,0.147,7,0.283,0.298,2020
Massachusetts,MA,August,0.022,8,0.01184,0.74948,2020
Massachusetts,MA,September,0.01272,9,0.228,0.066,2020
Massachusetts,MA,October,0.03978,10,0.76271,0.00941,2020
Massachusetts,MA,November,0.84736,11,0.93883,0.58198,2020
Massachusetts,MA,December,0.05084,12,0.84281,0.75943,2020
Michigan,MI,January,0.30684,1,0.00432,0.063,2020
Michigan,MI,February,0.00408,2,0.08443,0.93206,2020
Michigan,MI,March,0.85047,3,0.04431,0.68665,2020
Michigan,MI,April,0.24268,4,0.83424,0.96154,2020
Michigan,MI,May,0.04385,5,0.0724,0.05633,2020
Michigan,MI,June,0.1296,6,0.99284,0.81926,2020
Michigan,MI,July,0.98294,7,0.14575,0.00513,2020
Michigan,MI,August,0.02442,8,0.61504,0.12225,2020
Michigan,MI,September,0.13225,9,0.55564,0.08736,2020
Michigan,MI,October,0.921,10,0.06789,0.94469,2020
Michigan,MI,November,0.96224,11,0.002,0.95717,2020
Michigan,MI,December,0.09504,12,0.92969,0.10147,2020
Minnesota,MN,January,0.86494,1,0.16594,0.98598,2020
Minnesota,MN,February,0.90175,2,0.65272,0.99444,2020
Minnesota,MN,March,0.07821,3,0.25,0.04431,2020
Minnesota,MN,April,0.00202,4,0.98997,0.04385,2020
Minnesota,MN,May,0.03065,5,0.23064,0.17708,2020
Minnesota,MN,June,0.98644,6,0.25132,0.13848,2020
Minnesota,MN,July,0.928,7,0.86539,0.12844,2020
Minnesota,MN,August,0.06789,8,0.96098,0.83079,2020
Minnesota,MN,September,0.08549,9,0.02442,0.425,2020
Minnesota,MN,October,0.08736,10,0.05676,0.27148,2020
Minnesota,MN,November,0.78364,11,0.82821,0.921,2020
Minnesota,MN,December,0.11564,12,0.46232,0.018,2020
Mississippi,MS,January,0.74344,1,0.9346,0.01962,2020
Mississippi,MS,February,0.93929,2,0.93442,0.07703,2020
Mississippi,MS,March,0.04661,3,0.2094,0.64889,2020
Mississippi,MS,April,0.84419,4,0.9637,0.52664,2020
Mississippi,MS,May,0.00941,5,0.80712,0.93775,2020
Mississippi,MS,June,0.86219,6,0.85423,0.11143,2020
Mississippi,MS,July,0.98411,7,0.004,0.87156,2020
Mississippi,MS,August,0.76564,8,0.72516,0.90763,2020
Mississippi,MS,September,0.181,9,0.02813,0.93581,2020
Mississippi,MS,October,0.05376,10,0.79522,0.05084,2020
Mississippi,MS,November,0.97459,11,0.95971,0.03917,2020
Mississippi,MS,December,0.04113,12,0.04661,0.016,2020
Missouri,MO,January,0.97338,1,0.00725,0.93442,2020
Missouri,MO,February,0.07296,2,0.16972,0.86219,2020
Missouri,MO,March,0.88229,3,0.04941,0.116,2020
Missouri,MO,April,0.93619,4,0.02412,0.799,2020
Missouri,MO,May,0.00513,5,0.94753,0.01498,2020
Missouri,MO,June,0.099,6,0.71344,0.896,2020
Missouri,MO,July,0.13785,7,0.59635,0.93676,2020
Missouri,MO,August,0.1566,8,0.99914,0.05,2020
Missouri,MO,September,0.95971,9,0.66773,0.13107,2020
Missouri,MO,October,0.07644,10,0.9466,0.3143,2020
Missouri,MO,November,0.96475,11,0.87279,0.76924,2020
Missouri,MO,December,0.02938,12,0.04695,0.84736,2020
Montana,MT,January,0.89969,1,0.15159,0.58685,2020
Montana,MT,February,0.00832,2,0.92489,0.97459,2020
Montana,MT,March,0.91169,3,0.1246,0.98647,2020
Montana,MT,April,0.808,4,0.59163,0.002,2020
Montana,MT,May,0.966,5,0.57184,0.97338,2020
Montana,MT,June,0.07125,6,0.90379,0.98044,2020
Montana,MT,July,0.88455,7,0.96085,0.99429,2020
Montana,MT,August,0.01498,8,0.73939,0.735,2020
Montana,MT,September,0.79416,9,0.21052,0.97967,2020
Montana,MT,October,0.2214,10,0.98447,0.99668,2020
Montana,MT,November,0.99556,11,0.06624,0.90738,2020
Montana,MT,December,0.02688,12,0.53292,0.61956,2020
Nebraska,NE,January,0.87024,1,0.94375,0.02872,2020
Nebraska,NE,February,0.02321,2,0.66026,0.11943,2020
Nebraska,NE,March,0.204,3,0.98294,0.8911,2020
Nebraska,NE,April,0.75876,4,0.799,0.09701,2020
Nebraska,NE,May,0.10509,5,0.772,0.98176,2020
Nebraska,NE,June,0.18512,6,0.78845,0.93117,2020
Nebraska,NE,July,0.94519,7,0.22918,0.01728,2020
Nebraska,NE,August,0.75136,8,0.08843,0.1246,2020
Nebraska,NE,September,0.87526,9,0.91735,0.47164,2020
Nebraska,NE,October,0.0105,10,0.84248,0.94519,2020
Nebraska,NE,November,0.02813,11,0.006,0.78211,2020
Nebraska,NE,December,0.82726,12,0.03845,0.601,2020
Nevada,NV,January,0.9758,1,0.89838,0.05675,2020
Nevada,NV,February,0.1598,2,0.601,0.1534,2020
Nevada,NV,March,0.96971,3,0.93299,0.88,2020
Nevada,NV,April,0.90975,4,0.14956,0.02,2020
Nevada,NV,May,0.98875,5,0.88679,0.16059,2020
Nevada,NV,June,0.16628,6,0.97216,0.67527,2020
Nevada,NV,July,0.05229,7,0.49752,0.8122,2020
Nevada,NV,August,0.01385,8,0.02307,0.67148,2020
Nevada,NV,September,0.83763,9,0.06461,0.98447,2020
Nevada,NV,October,0.05829,10,0.17501,0.928,2020
Nevada,NV,November,0.06461,11,0.96336,0.08549,2020
Nevada,NV,December,0.93775,12,0.701,0.94612,2020
New Hampshire,NH,January,0.35436,1,0.50548,0.96797,2020
New Hampshire,NH,February,0.88,2,0.09701,0.73356,2020
New Hampshire,NH,March,0.85647,3,0.19408,0.82226,2020
New Hampshire,NH,April,0.9136,4,0.97635,0.928,2020
New Hampshire,NH,May,0.88679,5,0.67527,0.01385,2020
New Hampshire,NH,June,0.08925,6,0.82367,0.886,2020
New Hampshire,NH,July,0.1534,7,0.02276,0.86833,2020
New Hampshire,NH,August,0.82,8,0.9052,0.05229,2020
New Hampshire,NH,September,0.26092,9,0.13107,0.84855,2020
New Hampshire,NH,October,0.25132,10,0.06267,0.07821,2020
New Hampshire,NH,November,0.99668,11,0.83833,0.88679,2020
New Hampshire,NH,December,0.11136,12,0.07041,0.87901,2020
New Jersey,NJ,January,0.04248,1,0.86833,0.85794,2020
New Jersey,NJ,February,0.2152,2,0.61956,0.77082,2020
New Jersey,NJ,March,0.99779,3,0.78529,0.19517,2020
New Jersey,NJ,April,0.92279,4,0.84094,0.87089,2020
New Jersey,NJ,May,0.11781,5,0.18512,0.8514,2020
New Jersey,NJ,June,0.97216,6,0.92279,0.9052,2020
New Jersey,NJ,July,0.01962,7,0.97939,0.98182,2020
New Jersey,NJ,August,0.10925,8,0.89549,0.88229,2020
New Jersey,NJ,September,0.9346,9,0.80096,0.94598,2020
New Jersey,NJ,October,0.17332,10,0.02203,0.66026,2020
New Jersey,NJ,November,0.68196,11,0.85984,0.05968,2020
New Jersey,NJ,December,0.18948,12,0.03192,0.73939,2020
New Mexico,NM,January,0.04941,1,0.13502,0.09116,2020
New Mexico,NM,February,0.1246,2,0.99811,0.82,2020
New Mexico,NM,March,0.048,3,0.93206,0.30019,2020
New Mexico,NM,April,0.283,4,0.94325,0.00408,2020
New Mexico,NM,May,0.06141,5,0.11143,0.11229,2020
New Mexico,NM,June,0.9635,6,0.10643,0.10304,2020
New Mexico,NM,July,0.03321,7,0.15752,0.22272,2020
New Mexico,NM,August,0.77796,8,0.74344,0.16594,2020
New Mexico,NM,September,0.9782,9,0.181,0.87024,2020
New Mexico,NM,October,0.43079,10,0.02961,0.12721,2020
New Mexico,NM,November,0.00305,11,0.95459,0.204,2020
New Mexico,NM,December,0.735,12,0.01728,0.228,2020
New York,NY,January,0.82367,1,0.96584,0.99779,2020
New York,NY,February,0.0345,2,0.007,0.60576,2020
New York,NY,March,0.1502,3,0.02101,0.91938,2020
New York,NY,April,0.94229,4,0.11969,0.68196,2020
New York,NY,May,0.08,5,0.78904,0.0345,2020
New York,NY,June,0.72516,6,0.0864,0.11781,2020
New York,NY,July,0.16972,7,0.6267,0.04969,2020
New York,NY,August,0.91735,8,0.16628,0.08514,2020
New York,NY,September,0.02565,9,0.77796,0.10502,2020
New York,NY,October,0.228,10,0.82726,0.05676,2020
New York,NY,November,0.135,11,0.94179,0.9408,2020
New York,NY,December,0.952,12,0.91938,0.9466,2020
North Carolina,NC,January,0.89549,1,0.04394,0.92489,2020
North Carolina,NC,February,0.96848,2,0.1566,0.69386,2020
North Carolina,NC,March,0.83079,3,0.99218,0.70473,2020
North Carolina,NC,April,0.9876,4,0.02737,0.84281,2020
North Carolina,NC,May,0.03581,5,0.10925,0.957,2020
North Carolina,NC,June,0.95716,6,0.00832,0.02321,2020
North Carolina,NC,July,0.8162,7,0.83702,0.77728,2020
North Carolina,NC,August,0.09116,8,0.91919,0.06141,2020
North Carolina,NC,September,0.98176,9,0.77082,0.97219,2020
North Carolina,NC,October,0.89335,10,0.03075,0.79522,2020
North Carolina,NC,November,0.09701,11,0.928,0.90779,2020
North Carolina,NC,December,0.8535,12,0.74277,0.02813,2020
North Dakota,ND,January,0.03192,1,0.90511,0.95069,2020
North Dakota,ND,February,0.977,2,0.645,0.83702,2020
North Dakota,ND,March,0.10304,3,0.8976,0.83116,2020
North Dakota,ND,April,0.09309,4,0.928,0.06461,2020
North Dakota,ND,May,0.06956,5,0.04095,0.91014,2020
North Dakota,ND,June,0.19892,6,0.05315,0.00101,2020
North Dakota,ND,July,0.93135,7,0.61044,0.90379,2020
North Dakota,ND,August,0.71304,8,0.75943,0.135,2020
North Dakota,ND,September,0.14385,9,0.03917,0.89225,2020
North Dakota,ND,October,0.93299,10,0.73263,0.12705,2020
North Dakota,ND,November,0.10101,11,0.00101,0.05388,2020
North Dakota,ND,December,0.97094,12,0.10862,0.87632,2020
Ohio,OH,January,0.27148,1,0.98528,0.84094,2020
Ohio,OH,February,0.91549,2,0.11666,0.14956,2020
Ohio,OH,March,0.05676,3,0.116,0.683,2020
Ohio,OH,April,0.12,4,0.24268,0.05829,2020
Ohio,OH,May,0.89119,5,0.99621,0.93929,2020
Ohio,OH,June,0.11349,6,0.896,0.02307,2020
Ohio,OH,July,0.163,7,0.9058,0.043,2020
Ohio,OH,August,0.83424,8,0.94612,0.95936,2020
Ohio,OH,September,0.12705,9,0.9646,0.0756,2020
Ohio,OH,October,0.00618,10,0.82226,0.01,2020
Ohio,OH,November,0.01161,11,0.71304,0.89485,2020
Ohio,OH,December,0.19408,12,0.04385,0.02276,2020
Oklahoma,OK,January,0.84094,1,0.9635,0.77248,2020
Oklahoma,OK,February,0.97939,2,0.12721,0.72586,2020
Oklahoma,OK,March,0.95844,3,0.93909,0.43079,2020
Oklahoma,OK,April,0.00101,4,0.13901,0.1296,2020
Oklahoma,OK,May,0.90379,5,0.17032,0.99331,2020
Oklahoma,OK,June,0.8976,6,0.098,0.98875,2020
Oklahoma,OK,July,0.78904,7,0.56116,0.035,2020
Oklahoma,OK,August,0.90779,8,0.17482,0.76598,2020
Oklahoma,OK,September,0.03845,9,0.87089,0.19892,2020
Oklahoma,OK,October,0.01845,10,0.13785,0.61504,2020
Oklahoma,OK,November,0.95588,11,0.94519,0.96724,2020
Oklahoma,OK,December,0.85936,12,0.1653,0.14575,2020
Oregon,OR,January,0.799,1,0.92247,0.9899,2020
Oregon,OR,February,0.04522,2,0.87361,0.49752,2020
Oregon,OR,March,0.9408,3,0.12705,0.05376,2020
Oregon,OR,April,0.87279,4,0.96848,0.26127,2020
Oregon,OR,May,0.94799,5,0.82524,0.03191,2020
Oregon,OR,June,0.889,6,0.02081,0.772,2020
Oregon,OR,July,0.9989,7,0.17332,0.0864,2020
Oregon,OR,August,0.08364,8,0.97338,0.0788,2020
Oregon,OR,September,0.95459,9,0.10101,0.00628,2020
Oregon,OR,October,0.772,10,0.11349,0.18512,2020
Oregon,OR,November,0.87767,11,0.966,0.13225,2020
Oregon,OR,December,0.92455,12,0.00202,0.89744,2020
Pennsylvania,PA,January,0.86763,1,0.93581,0.05107,2020
Pennsylvania,PA,February,0.663,2,0.97967,0.96336,2020
Pennsylvania,PA,March,0.08181,3,0.8122,0.08443,2020
Pennsylvania,PA,April,0.12225,4,0.87632,0.90511,2020
Pennsylvania,PA,May,0.99104,5,0.89119,0.8976,2020
Pennsylvania,PA,June,0.99331,6,0.99779,0.99914,2020
Pennsylvania,PA,July,0.92629,7,0.02,0.237,2020
Pennsylvania,PA,August,0.00725,8,0.97094,0.63684,2020
Pennsylvania,PA,September,0.03712,9,0.88229,0.13502,2020
Pennsylvania,PA,October,0.01613,10,0.01372,0.24878,2020
Pennsylvania,PA,November,0.99218,11,0.12225,0.89335,2020
Pennsylvania,PA,December,0.2094,12,0.07469,0.03192,2020
Puerto Rico,PR,January,0.07469,1,0.05388,0.96224,2020
Puerto Rico,PR,February,0.92969,2,0.87156,0.3733,2020
Puerto Rico,PR,March,0.05525,3,0.63684,0.23064,2020
Puerto Rico,PR,April,0.69864,4,0.09147,0.01161,2020
Puerto Rico,PR,May,0.9533,5,0.02938,0.20478,2020
Puerto Rico,PR,June,0.8036,6,0.67148,0.20049,2020
Puerto Rico,PR,July,0.9899,7,0.97858,0.04522,2020
Puerto Rico,PR,August,0.063,8,0.70838,0.83833,2020
Puerto Rico,PR,September,0.99444,9,0.99377,0.76412,2020
Puerto Rico,PR,October,0.56786,10,0.95303,0.9247,2020
Puerto Rico,PR,November,0.95303,11,0.64096,0.02203,2020
Puerto Rico,PR,December,0.04431,12,0.87901,0.9533,2020
Rhode Island,RI,January,0.82968,1,0.53888,0.96824,2020
Rhode Island,RI,February,0.02737,2,0.56786,0.06276,2020
Rhode Island,RI,March,0.0825,3,0.624,0.40255,2020
Rhode Island,RI,April,0.94469,4,0.00941,0.701,2020
Rhode Island,RI,May,0.98598,5,0.00224,0.21052,2020
Rhode Island,RI,June,0.10163,6,0.001,0.37876,2020
Rhode Island,RI,July,0.06267,7,0.584,0.85704,2020
Rhode Island,RI,August,0.16594,8,0.79474,0.90001,2020
Rhode Island,RI,September,0.94612,9,0.18948,0.05954,2020
Rhode Island,RI,October,0.02203,10,0.0105,0.00618,2020
Rhode Island,RI,November,0.2165,11,0.81018,0.1408,2020
Rhode Island,RI,December,0.11666,12,0.11229,0.72245,2020
South Carolina,SC,January,0.988,1,0.14385,0.07363,2020
South Carolina,SC,February,0.019,2,0.19517,0.23588,2020
South Carolina,SC,March,0.96085,3,0.74224,0.98058,2020
South Carolina,SC,April,0.73356,4,0.719,0.10716,2020
South Carolina,SC,May,0.006,5,0.93775,0.78529,2020
South Carolina,SC,June,0.02101,6,0.9247,0.75281,2020
South Carolina,SC,July,0.13502,7,0.95958,0.69864,2020
South Carolina,SC,August,0.03427,8,0.1502,0.72516,2020
South Carolina,SC,September,0.86833,9,0.1296,0.235,2020
South Carolina,SC,October,0.12844,10,0.07821,0.04394,2020
South Carolina,SC,November,0.17032,11,0.01776,0.07469,2020
South Carolina,SC,December,0.09703,12,0.95496,0.00832,2020
South Dakota,SD,January,0.04563,1,0.9414,0.56656,2020
South Dakota,SD,February,0.9095,2,0.3733,0.95274,2020
South Dakota,SD,March,0.811,3,0.066,0.81625,2020
South Dakota,SD,April,0.84248,4,0.02,0.95588,2020
South Dakota,SD,May,0.8911,5,0.21196,0.03321,2020
South Dakota,SD,June,0.987,6,0.08925,0.94799,2020
South Dakota,SD,July,0.95958,7,0.26127,0.04095,2020
South Dakota,SD,August,0.02307,8,0.206,0.156,2020
South Dakota,SD,September,0.07363,9,0.77728,0.59163,2020
South Dakota,SD,October,0.6267,10,0.24285,0.84652,2020
South Dakota,SD,November,0.03075,11,0.6606,0.62836,2020
South Dakota,SD,December,0.96582,12,0.20478,0.87767,2020
Tennessee,TN,January,0.05968,1,0.85647,0.082,2020
Tennessee,TN,February,0.78948,2,0.91512,0.7835,2020
Tennessee,TN,March,0.77728,3,0.89225,0.05247,2020
Tennessee,TN,April,0.02519,4,0.94935,0.00725,2020
Tennessee,TN,May,0.21052,5,0.19892,0.90975,2020
Tennessee,TN,June,0.07041,6,0.55,0.46232,2020
Tennessee,TN,July,0.99284,7,0.87526,0.85423,2020
Tennessee,TN,August,0.93428,8,0.98182,0.9989,2020
Tennessee,TN,September,0.22918,9,0.02688,0.02442,2020
Tennessee,TN,October,0.016,10,0.78364,0.86262,2020
Tennessee,TN,November,0.80072,11,0.17708,0.43936,2020
Tennessee,TN,December,0.9974,12,0.02627,0.02938,2020
Texas,TX,January,0.23588,1,0.05531,0.35469,2020
Texas,TX,February,0.001,2,0.12342,0.04113,2020
Texas,TX,March,0.04969,3,0.91549,0.84248,2020
Texas,TX,April,0.9175,4,0.9782,0.92455,2020
Texas,TX,May,0.11143,5,0.75613,0.004,2020
Texas,TX,June,0.07703,6,0.94469,0.93299,2020
Texas,TX,July,0.99094,7,0.03191,0.03978,2020
Texas,TX,August,0.09263,8,0.1598,0.00432,2020
Texas,TX,September,0.043,9,0.05376,0.97295,2020
Texas,TX,October,0.85425,10,0.75876,0.71198,2020
Texas,TX,November,0.98075,11,0.79416,0.85647,2020
Texas,TX,December,0.97295,12,0.98246,0.35436,2020
Utah,UT,January,0.05107,1,0.663,0.02519,2020
Utah,UT,February,0.05247,2,0.99556,0.07644,2020
Utah,UT,March,0.298,3,0.05107,0.88169,2020
Utah,UT,April,0.89838,4,0.235,0.98997,2020
Utah,UT,May,0.91558,5,0.018,0.95303,2020
Utah,UT,June,0.03917,6,0.063,0.9414,2020
Utah,UT,July,0.9052,7,0.2214,0.03581,2020
Utah,UT,August,0.08443,8,0.9784,0.97009,2020
Utah,UT,September,0.928,9,0.60576,0.001,2020
Utah,UT,October,0.9136,10,0.02848,0.74224,2020
Utah,UT,November,0.14575,11,0.75718,0.06419,2020
Utah,UT,December,0.007,12,0.99104,0.96475,2020
Vermont,VT,January,0.74224,1,0.76598,0.78904,2020
Vermont,VT,February,0.584,2,0.93619,0.1502,2020
Vermont,VT,March,0.93883,3,0.09504,0.887,2020
Vermont,VT,April,0.05531,4,0.06727,0.74277,2020
Vermont,VT,May,0.71344,5,0.27517,0.50548,2020
Vermont,VT,June,0.93581,6,0.03797,0.97428,2020
Vermont,VT,July,0.98182,7,0.00816,0.75718,2020
Vermont,VT,August,0.7835,8,0.99668,0.71344,2020
Vermont,VT,September,0.94325,9,0.9533,0.9175,2020
Vermont,VT,October,0.03191,10,0.11943,0.00305,2020
Vermont,VT,November,0.03547,11,0.68665,0.95958,2020
Vermont,VT,December,0.87468,12,0.08829,0.584,2020
Virginia,VA,January,0.0864,1,0.18416,0.96098,2020
Virginia,VA,February,0.002,2,0.28287,0.05531,2020
Virginia,VA,March,0.9247,3,0.77571,0.08,2020
Virginia,VA,April,0.02,4,0.96154,0.03797,2020
Virginia,VA,May,0.84652,5,0.92729,0.163,2020
Virginia,VA,June,0.3143,6,0.07125,0.29118,2020
Virginia,VA,July,0.08843,7,0.90001,0.95844,2020
Virginia,VA,August,0.18416,8,0.6791,0.93135,2020
Virginia,VA,September,0.94032,9,0.022,0.02568,2020
Virginia,VA,October,0.20478,10,0.91264,0.45168,2020
Virginia,VA,November,0.86152,11,0.05954,0.206,2020
Virginia,VA,December,0.75718,12,0.05633,0.96584,2020
Virgin Islands,VI,January,0.008,1,0.13167,0.91264,2020
Virgin Islands,VI,February,0.06883,2,0.3394,0.17332,2020
Virgin Islands,VI,March,0.14956,3,0.05984,0.07041,2020
Virgin Islands,VI,April,0.77082,4,0.01,0.90175,2020
Virgin Islands,VI,May,0.94753,5,0.04522,0.95716,2020
Virgin Islands,VI,June,0.91938,6,0.1408,0.9058,2020
Virgin Islands,VI,July,0.13848,7,0.63264,0.71304,2020
Virgin Islands,VI,August,0.98997,8,0.30019,0.9136,2020
Virgin Islands,VI,September,0.6606,9,0.135,0.06956,2020
Virgin Islands,VI,October,0.12232,10,0.83763,0.93619,2020
Virgin Islands,VI,November,0.87156,11,0.04969,0.91558,2020
Virgin Islands,VI,December,0.004,12,0.10147,0.94325,2020
Washington,WA,January,0.02961,1,0.86494,0.04695,2020
Washington,WA,February,0.416,2,0.03427,0.13785,2020
Washington,WA,March,0.3733,3,0.9408,0.05984,2020
Washington,WA,April,0.93117,4,0.10502,0.92969,2020
Washington,WA,May,0.79522,5,0.06141,0.82367,2020
Washington,WA,June,0.02627,6,0.99444,0.98528,2020
Washington,WA,July,0.25,7,0.12,0.6606,2020
Washington,WA,August,0.82518,8,0.07296,0.83763,2020
Washington,WA,September,0.99914,9,0.04248,0.268,2020
Washington,WA,October,0.97967,10,0.03184,0.03547,2020
Washington,WA,November,0.76412,11,0.07703,0.74344,2020
Washington,WA,December,0.99377,12,0.977,0.89838,2020
West Virginia,WV,January,0.92298,1,0.10716,0.94032,2020
West Virginia,WV,February,0.85794,2,0.33142,0.76271,2020
West Virginia,WV,March,0.83406,3,0.163,0.01568,2020
West Virginia,WV,April,0.05675,4,0.27148,0.27517,2020
West Virginia,WV,May,0.15752,5,0.043,0.80072,2020
West Virginia,WV,June,0.14206,6,0.09263,0.9136,2020
West Virginia,WV,July,0.06727,7,0.73356,0.977,2020
West Virginia,WV,August,0.97523,8,0.416,0.28287,2020
West Virginia,WV,September,0.81584,9,0.048,0.12,2020
West Virginia,WV,October,0.05388,10,0.06419,0.95459,2020
West Virginia,WV,November,0.957,11,0.52,0.17032,2020
West Virginia,WV,December,0.11943,12,0.156,0.8341,2020
Wisconsin,WI,January,0.9646,1,0.952,0.04248,2020
Wisconsin,WI,February,0.99561,2,0.71198,0.99218,2020
Wisconsin,WI,March,0.10643,3,0.0345,0.811,2020
Wisconsin,WI,April,0.018,4,0.09471,0.82821,2020
Wisconsin,WI,May,0.896,5,0.79786,0.10101,2020
Wisconsin,WI,June,0.3394,6,0.81625,0.663,2020
Wisconsin,WI,July,0.83833,7,0.7835,0.645,2020
Wisconsin,WI,August,0.17482,8,0.98075,0.87526,2020
Wisconsin,WI,September,0.886,9,0.76924,0.96971,2020
Wisconsin,WI,October,0.94179,10,0.80072,0.21808,2020
Wisconsin,WI,November,0.22272,11,0.7916,0.80096,2020
Wisconsin,WI,December,0.94893,12,0.95717,0.84569,2020
Wyoming,WY,January,0.06117,1,0.099,0.91735,2020
Wyoming,WY,February,0.02412,2,0.95844,0.181,2020
Wyoming,WY,March,0.02848,3,0.86219,0.01272,2020
Wyoming,WY,April,0.90738,4,0.00408,0.86763,2020
Wyoming,WY,May,0.26644,5,0.90779,0.71551,2020
Wyoming,WY,June,0.96336,6,0.90257,0.01184,2020
Wyoming,WY,July,0.06419,7,0.9437,0.98294,2020
Wyoming,WY,August,0.04043,8,0.04113,0.04563,2020
Wyoming,WY,September,0.97858,9,0.05084,0.18416,2020
Wyoming,WY,October,0.13167,10,0.88435,0.10163,2020
Wyoming,WY,November,0.96824,11,0.86152,0.09703,2020
Wyoming,WY,December,0.16167,12,0.54456,0.11666,2020
Alabama,AL,January,0.928,1,0.04113,0.156,2021
Alabama,AL,February,0.19892,2,0.1296,0.03845,2021
Alabama,AL,March,0.808,3,0.05531,0.05676,2021
Alabama,AL,April,0.1653,4,0.04385,0.06267,2021
Alabama,AL,May,0.80096,5,0.624,0.11781,2021
Alabama,AL,June,0.03191,6,0.204,0.65651,2021
Alabama,AL,July,0.11143,7,0.94325,0.03427,2021
Alabama,AL,August,0.283,8,0.93206,0.58198,2021
Alabama,AL,September,0.09263,9,0.099,0.03075,2021
Alabama,AL,October,0.98294,10,0.01498,0.27517,2021
Alabama,AL,November,0.80712,11,0.78529,0.10502,2021
Alabama,AL,December,0.02203,12,0.01,0.48,2021
Alaska,AK,January,0.95459,1,0.99094,0.1502,2021
Alaska,AK,February,0.73263,2,0.96475,0.94612,2021
Alaska,AK,March,0.02519,3,0.63684,0.577,2021
Alaska,AK,April,0.35469,4,0.91264,0.08736,2021
Alaska,AK,May,0.56656,5,0.77796,0.93581,2021
Alaska,AK,June,0.09703,6,0.97459,0.97635,2021
Alaska,AK,July,0.03978,7,0.93775,0.08364,2021
Alaska,AK,August,0.00618,8,0.8535,0.24285,2021
Alaska,AK,September,0.425,9,0.94519,0.99444,2021
Alaska,AK,October,0.69864,10,0.89485,0.78211,2021
Alaska,AK,November,0.96336,11,0.70838,0.03797,2021
Alaska,AK,December,0.02848,12,0.066,0.74613,2021
Arizona,AZ,January,0.16059,1,0.08364,0.9637,2021
Arizona,AZ,February,0.88679,2,0.67148,0.99914,2021
Arizona,AZ,March,0.00513,3,0.735,0.098,2021
Arizona,AZ,April,0.83406,4,0.61044,0.91014,2021
Arizona,AZ,May,0.04113,5,0.86262,0.9437,2021
Arizona,AZ,June,0.95069,6,0.24878,0.001,2021
Arizona,AZ,July,0.94519,7,0.81322,0.85647,2021
Arizona,AZ,August,0.1408,8,0.92247,0.81018,2021
Arizona,AZ,September,0.11564,9,0.82821,0.02737,2021
Arizona,AZ,October,0.75613,10,0.61504,0.87901,2021
Arizona,AZ,November,0.05984,11,0.23588,0.147,2021
Arizona,AZ,December,0.74344,12,0.98182,0.86833,2021
Arkansas,AR,January,0.72926,1,0.03797,0.08549,2021
Arkansas,AR,February,0.90975,2,0.86494,0.90001,2021
Arkansas,AR,March,0.54456,3,0.54456,0.93775,2021
Arkansas,AR,April,0.8122,4,0.75281,0.92489,2021
Arkansas,AR,May,0.79474,5,0.74948,0.99779,2021
Arkansas,AR,June,0.95303,6,0.00618,0.96475,2021
Arkansas,AR,July,0.19408,7,0.9782,0.09263,2021
Arkansas,AR,August,0.11349,8,0.156,0.06727,2021
Arkansas,AR,September,0.95716,9,0.11943,0.97428,2021
Arkansas,AR,October,0.98044,10,0.181,0.03547,2021
Arkansas,AR,November,0.22918,11,0.12225,0.54456,2021
Arkansas,AR,December,0.05107,12,0.00725,0.17482,2021
California,CA,January,0.94598,1,0.10502,0.35436,2021
California,CA,February,0.94032,2,0.63264,0.04113,2021
California,CA,March,0.98447,3,0.98528,0.9136,2021
California,CA,April,0.887,4,0.61956,0.237,2021
California,CA,May,0.30019,5,0.06276,0.93206,2021
California,CA,June,0.8535,6,0.78211,0.01,2021
California,CA,July,0.02872,7,0.01272,0.91512,2021
California,CA,August,0.87024,8,0.02848,0.49752,2021
California,CA,September,0.9974,9,0.84736,0.04563,2021
California,CA,October,0.77248,10,0.04695,0.05968,2021
California,CA,November,0.17708,11,0.17708,0.92298,2021
California,CA,December,0.17011,12,0.62836,0.53888,2021
Colorado,CO,January,0.1431,1,0.16972,0.13167,2021
Colorado,CO,February,0.94799,2,0.00305,0.98997,2021
Colorado,CO,March,0.2094,3,0.95069,0.88455,2021
Colorado,CO,April,0.8911,4,0.22272,0.24878,2021
Colorado,CO,May,0.82226,5,0.72516,0.06141,2021
Colorado,CO,June,0.08,6,0.60576,0.48904,2021
Colorado,CO,July,0.78904,7,0.99041,0.87024,2021
Colorado,CO,August,0.97967,8,0.95958,0.268,2021
Colorado,CO,September,0.9052,9,0.957,0.06276,2021
Colorado,CO,October,0.63264,10,0.13502,0.97459,2021
Colorado,CO,November,0.02,11,0.577,0.94825,2021
Colorado,CO,December,0.58685,12,0.19892,0.116,2021
Connecticut,CT,January,0.97459,1,0.9414,0.94325,2021
Connecticut,CT,February,0.99094,2,0.00941,0.645,2021
Connecticut,CT,March,0.237,3,0.04563,0.2152,2021
Connecticut,CT,April,0.95958,4,0.85047,0.00305,2021
Connecticut,CT,May,0.001,5,0.016,0.57184,2021
Connecticut,CT,June,0.9646,6,0.85794,0.95844,2021
Connecticut,CT,July,0.163,7,0.97295,0.83992,2021
Connecticut,CT,August,0.00202,8,0.05633,0.93909,2021
Connecticut,CT,September,0.12844,9,0.75136,0.12342,2021
Connecticut,CT,October,0.07821,10,0.9533,0.987,2021
Connecticut,CT,November,0.9899,11,0.49752,0.82821,2021
Connecticut,CT,December,0.04043,12,0.56656,0.06789,2021
Delaware,DE,January,0.235,1,0.64889,0.03065,2021
Delaware,DE,February,0.02961,2,0.18999,0.77892,2021
Delaware,DE,March,0.74613,3,0.30019,0.05229,2021
Delaware,DE,April,0.45168,4,0.09116,0.17708,2021
Delaware,DE,May,0.16972,5,0.84248,0.92968,2021
Delaware,DE,June,0.1566,6,0.08925,0.22432,2021
Delaware,DE,July,0.05376,7,0.75943,0.94179,2021
Delaware,DE,August,0.86763,8,0.02519,0.96724,2021
Delaware,DE,September,0.82,9,0.8122,0.77728,2021
Delaware,DE,October,0.77728,10,0.07644,0.09116,2021
Delaware,DE,November,0.71551,11,0.97523,0.67527,2021
Delaware,DE,December,0.9408,12,0.05084,0.84248,2021
District of Columbia,DC,January,0.10101,1,0.95459,0.26644,2021
District of Columbia,DC,February,0.33142,2,0.23064,0.81926,2021
District of Columbia,DC,March,0.002,3,0.74277,0.664,2021
District of Columbia,DC,April,0.04385,4,0.24285,0.96848,2021
District of Columbia,DC,May,0.9758,5,0.27517,0.13785,2021
District of Columbia,DC,June,0.228,6,0.683,0.01613,2021
District of Columbia,DC,July,0.12,7,0.928,0.05525,2021
District of Columbia,DC,August,0.94612,8,0.7916,0.02519,2021
District of Columbia,DC,September,0.68196,9,0.082,0.98176,2021
District of Columbia,DC,October,0.3733,10,0.019,0.94469,2021
District of Columbia,DC,November,0.11229,11,0.91735,0.022,2021
District of Columbia,DC,December,0.09116,12,0.11229,0.9346,2021
Florida,FL,January,0.37876,1,0.85704,0.95717,2021
Florida,FL,February,0.02737,2,0.97216,0.88435,2021
Florida,FL,March,0.30684,3,0.83833,0.68665,2021
Florida,FL,April,0.14575,4,0.98294,0.08829,2021
Florida,FL,May,0.09309,5,0.08549,0.97216,2021
Florida,FL,June,0.01272,6,0.48,0.98411,2021
Florida,FL,July,0.85423,7,0.9505,0.89485,2021
Florida,FL,August,0.91014,8,0.977,0.05954,2021
Florida,FL,September,0.69744,9,0.83079,0.94519,2021
Florida,FL,October,0.84855,10,0.17332,0.043,2021
Florida,FL,November,0.81018,11,0.90257,0.9408,2021
Florida,FL,December,0.6606,12,0.91014,0.99668,2021
Georgia,GA,January,0.14956,1,0.46232,0.99377,2021
Georgia,GA,February,0.11969,2,0.98044,0.11969,2021
Georgia,GA,March,0.85704,3,0.93909,0.72586,2021
Georgia,GA,April,0.20049,4,0.86219,0.81584,2021
Georgia,GA,May,0.988,5,0.59163,0.04248,2021
Georgia,GA,June,0.17032,6,0.96224,0.952,2021
Georgia,GA,July,0.12705,7,0.11349,0.736,2021
Georgia,GA,August,0.05247,8,0.3143,0.69027,2021
Georgia,GA,September,0.93929,9,0.93299,0.35469,2021
Georgia,GA,October,0.25132,10,0.04431,0.11136,2021
Georgia,GA,November,0.08364,11,0.19408,0.09309,2021
Georgia,GA,December,0.9247,12,0.0345,0.95588,2021
Hawaii,HI,January,0.74277,1,0.08443,0.886,2021
Hawaii,HI,February,0.05968,2,0.94825,0.94935,2021
Hawaii,HI,March,0.93909,3,0.40255,0.02938,2021
Hawaii,HI,April,0.01372,4,0.0788,0.97094,2021
Hawaii,HI,May,0.08181,5,0.97009,0.2094,2021
Hawaii,HI,June,0.91735,6,0.79416,0.78529,2021
Hawaii,HI,July,0.06461,7,0.425,0.94893,2021
Hawaii,HI,August,0.9989,8,0.96098,0.09703,2021
Hawaii,HI,September,0.13225,9,0.27148,0.06883,2021
Hawaii,HI,October,0.93676,10,0.16167,0.02442,2021
Hawaii,HI,November,0.98647,11,0.95844,0.95459,2021
Hawaii,HI,December,0.05,12,0.886,0.08925,2021
Idaho,ID,January,0.04941,1,0.06141,0.099,2021
Idaho,ID,February,0.52664,2,0.92004,0.07703,2021
Idaho,ID,March,0.12721,3,0.00432,0.24268,2021
Idaho,ID,April,0.99041,4,0.06461,0.663,2021
Idaho,ID,May,0.99811,5,0.91919,0.10163,2021
Idaho,ID,June,0.98246,6,0.10147,0.01568,2021
Idaho,ID,July,0.75876,7,0.90779,0.77082,2021
Idaho,ID,August,0.96824,8,0.00832,0.17332,2021
Idaho,ID,September,0.55,9,0.736,0.11143,2021
Idaho,ID,October,0.00432,10,0.896,0.99556,2021
Idaho,ID,November,0.896,11,0.05388,0.01161,2021
Idaho,ID,December,0.09504,12,0.9637,0.79474,2021
Illinois,IL,January,0.13167,1,0.37876,0.09504,2021
Illinois,IL,February,0.9635,2,0.83116,0.163,2021
Illinois,IL,March,0.02565,3,0.10862,0.02,2021
Illinois,IL,April,0.72245,4,0.98176,0.67148,2021
Illinois,IL,May,0.59635,5,0.811,0.01498,2021
Illinois,IL,June,0.73356,6,0.94753,0.96797,2021
Illinois,IL,July,0.10502,7,0.91169,0.99104,2021
Illinois,IL,August,0.9414,8,0.88229,0.92455,2021
Illinois,IL,September,0.9466,9,0.87901,0.07644,2021
Illinois,IL,October,0.86219,10,0.004,0.035,2021
Illinois,IL,November,0.06141,11,0.06117,0.89969,2021
Illinois,IL,December,0.0756,12,0.02307,0.6267,2021
Indiana,IN,January,0.98845,1,0.018,0.99218,2021
Indiana,IN,February,0.88229,2,0.96582,0.96336,2021
Indiana,IN,March,0.16167,3,0.72245,0.007,2021
Indiana,IN,April,0.72516,4,0.8514,0.98447,2021
Indiana,IN,May,0.02321,5,0.8341,0.02627,2021
Indiana,IN,June,0.58198,6,0.07125,0.93442,2021
Indiana,IN,July,0.81584,7,0.05829,0.70473,2021
Indiana,IN,August,0.02442,8,0.90511,0.25,2021
Indiana,IN,September,0.21196,9,0.93619,0.59635,2021
Indiana,IN,October,0.95274,10,0.13901,0.06419,2021
Indiana,IN,November,0.75136,11,0.82,0.07821,2021
Indiana,IN,December,0.93299,12,0.0756,0.05247,2021
Iowa,IA,January,0.43079,1,0.09263,0.04431,2021
Iowa,IA,February,0.928,2,0.04394,0.59163,2021
Iowa,IA,March,0.00101,3,0.81926,0.07125,2021
Iowa,IA,April,0.95971,4,0.87468,0.95958,2021
Iowa,IA,May,0.53292,5,0.10163,0.64889,2021
Iowa,IA,June,0.87767,6,0.08736,0.18512,2021
Iowa,IA,July,0.96724,7,0.88435,0.02,2021
Iowa,IA,August,0.71304,8,0.9408,0.96584,2021
Iowa,IA,September,0.03712,9,0.69864,0.86815,2021
Iowa,IA,October,0.416,10,0.93676,0.98598,2021
Iowa,IA,November,0.98644,11,0.71304,0.12,2021
Iowa,IA,December,0.12342,12,0.9635,0.9876,2021
Kansas,KS,January,0.2165,1,0.01776,0.10925,2021
Kansas,KS,February,0.624,2,0.9136,0.76924,2021
Kansas,KS,March,0.6791,3,0.03184,0.09701,2021
Kansas,KS,April,0.94375,4,0.89225,0.97295,2021
Kansas,KS,May,0.85936,5,0.06419,0.1296,2021
Kansas,KS,June,0.9784,6,0.298,0.98528,2021
Kansas,KS,July,0.69386,7,0.48904,0.47164,2021
Kansas,KS,August,0.91549,8,0.07041,0.98058,2021
Kansas,KS,September,0.584,9,0.91938,0.86219,2021
Kansas,KS,October,0.70838,10,0.9974,0.1534,2021
Kansas,KS,November,0.1598,11,0.86833,0.85047,2021
Kansas,KS,December,0.02307,12,0.719,0.07296,2021
Kentucky,KY,January,0.29118,1,0.05,0.75943,2021
Kentucky,KY,February,0.63684,2,0.80072,0.98647,2021
Kentucky,KY,March,0.92968,3,0.1534,0.84652,2021
Kentucky,KY,April,0.98875,4,0.01372,0.811,2021
Kentucky,KY,May,0.08829,5,0.11666,0.97939,2021
Kentucky,KY,June,0.84652,6,0.043,0.93929,2021
Kentucky,KY,July,0.77571,7,0.00202,0.73939,2021
Kentucky,KY,August,0.77796,8,0.90001,0.82,2021
Kentucky,KY,September,0.67148,9,0.67527,0.11943,2021
Kentucky,KY,October,0.03184,10,0.04969,0.33142,2021
Kentucky,KY,November,0.73939,11,0.03075,0.928,2021
Kentucky,KY,December,0.957,12,0.07469,0.50548,2021
Louisiana,LA,January,0.06883,1,0.66026,0.048,2021
Louisiana,LA,February,0.64889,2,0.87526,0.98044,2021
Louisiana,LA,March,0.83702,3,0.99556,0.135,2021
Louisiana,LA,April,0.03065,4,0.03065,0.96582,2021
Louisiana,LA,May,0.90763,5,0.87279,0.21052,2021
Louisiana,LA,June,0.02412,6,0.93581,0.92629,2021
Louisiana,LA,July,0.97858,7,0.93135,0.6606,2021
Louisiana,LA,August,0.49752,8,0.89549,0.27148,2021
Louisiana,LA,September,0.772,9,0.93117,0.66026,2021
Louisiana,LA,October,0.70473,10,0.73939,0.05675,2021
Louisiana,LA,November,0.04695,11,0.83424,0.51296,2021
Louisiana,LA,December,0.0788,12,0.02276,0.17011,2021
Maine,ME,January,0.99779,1,0.99621,0.18416,2021
Maine,ME,February,0.03845,2,0.00101,0.17501,2021
Maine,ME,March,0.8036,3,0.07296,0.04969,2021
Maine,ME,April,0.00305,4,0.8911,0.80712,2021
Maine,ME,May,0.9533,5,0.45168,0.78904,2021
Maine,ME,June,0.86152,6,0.31,0.98875,2021
Maine,ME,July,0.91264,7,0.03192,0.1408,2021
Maine,ME,August,0.98598,8,0.90975,0.28287,2021
Maine,ME,September,0.66773,9,0.12232,0.02872,2021
Maine,ME,October,0.94935,10,0.77082,0.03581,2021
Maine,ME,November,0.97635,11,0.1408,0.05984,2021
Maine,ME,December,0.94179,12,0.56786,0.004,2021
Maryland,MD,January,0.84281,1,0.99668,0.14956,2021
Maryland,MD,February,0.03321,2,0.80096,0.03184,2021
Maryland,MD,March,0.90257,3,0.91512,0.02203,2021
Maryland,MD,April,0.735,4,0.05676,0.73356,2021
Maryland,MD,May,0.98058,5,0.02442,0.74344,2021
Maryland,MD,June,0.05525,6,0.966,0.18948,2021
Maryland,MD,July,0.86833,7,0.04661,0.9899,2021
Maryland,MD,August,0.019,8,0.35469,0.12232,2021
Maryland,MD,September,0.92629,9,0.04043,0.94799,2021
Maryland,MD,October,0.683,10,0.96154,0.93117,2021
Maryland,MD,November,0.05633,11,0.91549,0.99621,2021
Maryland,MD,December,0.01613,12,0.86815,0.9784,2021
Massachusetts,MA,January,0.61044,1,0.6606,0.05,2021
Massachusetts,MA,February,0.79786,2,0.07821,0.91938,2021
Massachusetts,MA,March,0.78529,3,0.416,0.22272,2021
Massachusetts,MA,April,0.97009,4,0.84855,0.95716,2021
Massachusetts,MA,May,0.87279,5,0.94375,0.03191,2021
Massachusetts,MA,June,0.95496,6,0.71551,0.887,2021
Massachusetts,MA,July,0.99914,7,0.85425,0.11666,2021
Massachusetts,MA,August,0.08736,8,0.84094,0.01845,2021
Massachusetts,MA,September,0.05675,9,0.77892,0.09147,2021
Massachusetts,MA,October,0.97523,10,0.83992,0.04695,2021
Massachusetts,MA,November,0.88435,11,0.00408,0.08443,2021
Massachusetts,MA,December,0.3143,12,0.1566,0.05633,2021
Michigan,MI,January,0.147,1,0.88169,0.86494,2021
Michigan,MI,February,0.048,2,0.02737,0.416,2021
Michigan,MI,March,0.61956,3,0.063,0.3143,2021
Michigan,MI,April,0.206,4,0.92279,0.72926,2021
Michigan,MI,May,0.07644,5,0.29118,0.64096,2021
Michigan,MI,June,0.95936,6,0.05525,0.9175,2021
Michigan,MI,July,0.68665,7,0.663,0.01728,2021
Michigan,MI,August,0.97295,8,0.96797,0.06956,2021
Michigan,MI,September,0.23588,9,0.008,0.87361,2021
Michigan,MI,October,0.92969,10,0.05984,0.62836,2021
Michigan,MI,November,0.10163,11,0.06267,0.76564,2021
Michigan,MI,December,0.0825,12,0.74613,0.66773,2021
Minnesota,MN,January,0.2549,1,0.13785,0.019,2021
Minnesota,MN,February,0.08549,2,0.0105,0.83406,2021
Minnesota,MN,March,0.95844,3,0.12721,0.71344,2021
Minnesota,MN,April,0.80072,4,0.78948,0.0345,2021
Minnesota,MN,May,0.20478,5,0.04941,0.2165,2021
Minnesota,MN,June,0.07041,6,0.89969,0.15159,2021
Minnesota,MN,July,0.87526,7,0.73263,0.0788,2021
Minnesota,MN,August,0.066,8,0.98411,0.82726,2021
Minnesota,MN,September,0.14729,9,0.91759,0.8535,2021
Minnesota,MN,October,0.04522,10,0.18494,0.02688,2021
Minnesota,MN,November,0.71344,11,0.94935,0.16059,2021
Minnesota,MN,December,0.78845,12,0.64096,0.16594,2021
Mississippi,MS,January,0.65272,1,0.75876,0.99429,2021
Mississippi,MS,February,0.84419,2,0.09147,0.683,2021
Mississippi,MS,March,0.82524,3,0.13167,0.90779,2021
Mississippi,MS,April,0.86262,4,0.6267,0.76598,2021
Mississippi,MS,May,0.02081,5,0.02081,0.00202,2021
Mississippi,MS,June,0.96154,6,0.098,0.05531,2021
Mississippi,MS,July,0.601,7,0.97094,0.896,2021
Mississippi,MS,August,0.95717,8,0.97939,0.75718,2021
Mississippi,MS,September,0.04563,9,0.00816,0.79416,2021
Mississippi,MS,October,0.21808,10,0.9247,0.9505,2021
Mississippi,MS,November,0.90511,11,0.69027,0.96824,2021
Mississippi,MS,December,0.03797,12,0.92968,0.86152,2021
Missouri,MO,January,0.84736,1,0.11969,0.02307,2021
Missouri,MO,February,0.87468,2,0.1502,0.0864,2021
Missouri,MO,March,0.89969,3,0.03845,0.83833,2021
Missouri,MO,April,0.07363,4,0.94179,0.82524,2021
Missouri,MO,May,0.664,5,0.10643,0.61956,2021
Missouri,MO,June,0.82726,6,0.55564,0.02813,2021
Missouri,MO,July,0.0345,7,0.9346,0.8162,2021
Missouri,MO,August,0.01568,8,0.25,0.85984,2021
Missouri,MO,September,0.01845,9,0.98644,0.7916,2021
Missouri,MO,October,0.02688,10,0.30684,0.624,2021
Missouri,MO,November,0.00224,11,0.14206,0.91549,2021
Missouri,MO,December,0.53888,12,0.84652,0.52664,2021
Montana,MT,January,0.03075,1,0.99561,0.75613,2021
Montana,MT,February,0.02568,2,0.03712,0.9646,2021
Montana,MT,March,0.00725,3,0.15752,0.78364,2021
Montana,MT,April,0.51296,4,0.78845,0.018,2021
Montana,MT,May,0.83833,5,0.96085,0.12705,2021
Montana,MT,June,0.04661,6,0.17482,0.91919,2021
Montana,MT,July,0.89225,7,0.52,0.03192,2021
Montana,MT,August,0.9437,8,0.94893,0.00432,2021
Montana,MT,September,0.17332,9,0.99236,0.56786,2021
Montana,MT,October,0.25,10,0.06956,0.135,2021
Montana,MT,November,0.3394,11,0.96336,0.00513,2021
Montana,MT,December,0.74948,12,0.59635,0.84855,2021
Nebraska,NE,January,0.92729,1,0.21196,0.04095,2021
Nebraska,NE,February,0.01385,2,0.16628,0.1566,2021
Nebraska,NE,March,0.16628,3,0.82518,0.25132,2021
Nebraska,NE,April,0.92247,4,0.1431,0.00832,2021
Nebraska,NE,May,0.94229,5,0.05968,0.93299,2021
Nebraska,NE,June,0.05676,6,0.24268,0.889,2021
Nebraska,NE,July,0.85047,7,0.3394,0.95936,2021
Nebraska,NE,August,0.57184,8,0.952,0.03917,2021
Nebraska,NE,September,0.96848,9,0.14729,0.07041,2021
Nebraska,NE,October,0.8514,10,0.06789,0.0756,2021
Nebraska,NE,November,0.13502,11,0.01161,0.04043,2021
Nebraska,NE,December,0.94469,12,0.98075,0.71198,2021
Nevada,NV,January,0.83079,1,0.18948,0.83116,2021
Nevada,NV,February,0.01184,2,0.15159,0.99284,2021
Nevada,NV,March,0.85425,3,0.889,0.02276,2021
Nevada,NV,April,0.13848,4,0.135,0.01372,2021
Nevada,NV,May,0.7835,5,0.50548,0.11229,2021
Nevada,NV,June,0.26644,6,0.05315,0.81322,2021
Nevada,NV,July,0.156,7,0.89119,0.0692,2021
Nevada,NV,August,0.11666,8,0.10509,0.18,2021
Nevada,NV,September,0.03427,9,0.11781,0.96085,2021
Nevada,NV,October,0.97939,10,0.92729,0.83763,2021
Nevada,NV,November,0.96584,11,0.02,0.45168,2021
Nevada,NV,December,0.47164,12,0.007,0.12844,2021
New Hampshire,NH,January,0.88,1,0.10716,0.89744,2021
New Hampshire,NH,February,0.01498,2,0.228,0.13901,2021
New Hampshire,NH,March,0.098,3,0.8036,0.87279,2021
New Hampshire,NH,April,0.18948,4,0.17011,0.89549,2021
New Hampshire,NH,May,0.9136,5,0.78904,0.72245,2021
New Hampshire,NH,June,0.05531,6,0.08181,0.61044,2021
New Hampshire,NH,July,0.76412,7,0.01962,0.8514,2021
New Hampshire,NH,August,0.40255,8,0.048,0.10147,2021
New Hampshire,NH,September,0.022,9,0.664,0.05315,2021
New Hampshire,NH,October,0.04394,10,0.1246,0.55,2021
New Hampshire,NH,November,0.02101,11,0.82524,0.10509,2021
New Hampshire,NH,December,0.76924,12,0.01845,0.88229,2021
New Jersey,NJ,January,0.98182,1,0.96584,0.76271,2021
New Jersey,NJ,February,0.52,2,0.09701,0.01962,2021
New Jersey,NJ,March,0.05084,3,0.9784,0.95971,2021
New Jersey,NJ,April,0.85794,4,0.95971,0.43079,2021
New Jersey,NJ,May,0.99444,5,0.74344,0.01272,2021
New Jersey,NJ,June,0.93442,6,0.90763,0.90975,2021
New Jersey,NJ,July,0.90779,7,0.81018,0.37876,2021
New Jersey,NJ,August,0.96475,8,0.75613,0.93135,2021
New Jersey,NJ,September,0.2152,9,0.90175,0.1431,2021
New Jersey,NJ,October,0.889,10,0.18512,0.63684,2021
New Jersey,NJ,November,0.84094,11,0.02961,0.87632,2021
New Jersey,NJ,December,0.84569,12,0.1653,0.05829,2021
New Mexico,NM,January,0.8162,1,0.05247,0.84281,2021
New Mexico,NM,February,0.00816,2,0.16594,0.86539,2021
New Mexico,NM,March,0.27517,3,0.9876,0.066,2021
New Mexico,NM,April,0.02813,4,0.99284,0.2214,2021
New Mexico,NM,May,0.78948,5,0.71344,0.12721,2021
New Mexico,NM,June,0.97428,6,0.921,0.91558,2021
New Mexico,NM,July,0.006,7,0.2549,0.65272,2021
New Mexico,NM,August,0.64096,8,0.51296,0.002,2021
New Mexico,NM,September,0.74224,9,0.035,0.01385,2021
New Mexico,NM,October,0.43936,10,0.7835,0.04385,2021
New Mexico,NM,November,0.05954,11,0.99377,0.77571,2021
New Mexico,NM,December,0.08514,12,0.97967,0.75136,2021
New York,NY,January,0.82821,1,0.022,0.95069,2021
New York,NY,February,0.89335,2,0.82367,0.96224,2021
New York,NY,March,0.91759,3,0.25132,0.69864,2021
New York,NY,April,0.93619,4,0.9899,0.9989,2021
New York,NY,May,0.15752,5,0.43936,0.85425,2021
New York,NY,June,0.22272,6,0.00224,0.98246,2021
New York,NY,July,0.736,7,0.20049,0.82226,2021
New York,NY,August,0.97219,8,0.88963,0.9136,2021
New York,NY,September,0.88963,9,0.006,0.13502,2021
New York,NY,October,0.96797,10,0.002,0.91264,2021
New York,NY,November,0.76598,11,0.0692,0.98182,2021
New York,NY,December,0.10643,12,0.81625,0.966,2021
North Carolina,NC,January,0.05229,1,0.02101,0.94375,2021
North Carolina,NC,February,0.01728,2,0.83406,0.006,2021
North Carolina,NC,March,0.99236,3,0.12,0.21808,2021
North Carolina,NC,April,0.81625,4,0.77728,0.957,2021
North Carolina,NC,May,0.811,5,0.8162,0.9466,2021
North Carolina,NC,June,0.1296,6,0.93883,0.808,2021
North Carolina,NC,July,0.1246,7,0.05229,0.63264,2021
North Carolina,NC,August,0.85647,8,0.03427,0.77248,2021
North Carolina,NC,September,0.79522,9,0.99779,0.60576,2021
North Carolina,NC,October,0.67527,10,0.83763,0.8911,2021
North Carolina,NC,November,0.75281,11,0.53292,0.88679,2021
North Carolina,NC,December,0.86539,12,0.601,0.61504,2021
North Dakota,ND,January,0.018,1,0.79474,0.79786,2021
North Dakota,ND,February,0.83992,2,0.96824,0.05388,2021
North Dakota,ND,March,0.06789,3,0.70473,0.14206,2021
North Dakota,ND,April,0.10304,4,0.85984,0.02081,2021
North Dakota,ND,May,0.81322,5,0.01568,0.69386,2021
North Dakota,ND,June,0.11943,6,0.92298,0.84419,2021
North Dakota,ND,July,0.18999,7,0.95936,0.99094,2021
North Dakota,ND,August,0.977,8,0.17501,0.92969,2021
North Dakota,ND,September,0.82518,9,0.98447,0.79522,2021
North Dakota,ND,October,0.063,10,0.645,0.19408,2021
North Dakota,ND,November,0.28287,11,0.82968,0.00941,2021
North Dakota,ND,December,0.27148,12,0.77248,0.74948,2021
Ohio,OH,January,0.04969,1,0.95588,0.06624,2021
Ohio,OH,February,0.9876,2,0.2214,0.8341,2021
Ohio,OH,March,0.91512,3,0.52664,0.23588,2021
Ohio,OH,April,0.94893,4,0.77571,0.9414,2021
Ohio,OH,May,0.6267,5,0.163,0.84736,2021
Ohio,OH,June,0.02938,6,0.58198,0.02412,2021
Ohio,OH,July,0.26092,7,0.06883,0.93428,2021
Ohio,OH,August,0.04095,8,0.68665,0.21196,2021
Ohio,OH,September,0.11781,9,0.69744,0.92247,2021
Ohio,OH,October,0.01,10,0.02813,0.97523,2021
Ohio,OH,November,0.99284,11,0.06624,0.80096,2021
Ohio,OH,December,0.268,12,0.71198,0.298,2021
Oklahoma,OK,January,0.98075,1,0.82226,0.89838,2021
Oklahoma,OK,February,0.06267,2,0.0724,0.2549,2021
Oklahoma,OK,March,0.04248,3,0.76271,0.9974,2021
Oklahoma,OK,April,0.9637,4,0.14575,0.29118,2021
Oklahoma,OK,May,0.83116,5,0.86152,0.06461,2021
Oklahoma,OK,June,0.85984,6,0.206,0.99331,2021
Oklahoma,OK,July,0.07296,7,0.11143,0.02961,2021
Oklahoma,OK,August,0.016,8,0.53888,0.8036,2021
Oklahoma,OK,September,0.02,9,0.98598,0.1598,2021
Oklahoma,OK,October,0.92004,10,0.82726,0.04394,2021
Oklahoma,OK,November,0.90738,11,0.05107,0.701,2021
Oklahoma,OK,December,0.24878,12,0.98845,0.14385,2021
Oregon,OR,January,0.1534,1,0.235,0.6791,2021
Oregon,OR,February,0.9782,2,0.02872,0.82367,2021
Oregon,OR,March,0.92279,3,0.92629,0.56656,2021
Oregon,OR,April,0.98411,4,0.91558,0.80072,2021
Oregon,OR,May,0.18,5,0.26127,0.08181,2021
Oregon,OR,June,0.9058,6,0.96848,0.40255,2021
Oregon,OR,July,0.13107,7,0.584,0.87468,2021
Oregon,OR,August,0.17482,8,0.47164,0.31,2021
Oregon,OR,September,0.97094,9,0.94229,0.9058,2021
Oregon,OR,October,0.96582,10,0.13225,0.02568,2021
Oregon,OR,November,0.11136,11,0.9437,0.94229,2021
Oregon,OR,December,0.96971,12,0.73356,0.90175,2021
Pennsylvania,PA,January,0.298,1,0.99811,0.063,2021
Pennsylvania,PA,February,0.10925,2,0.116,0.0825,2021
Pennsylvania,PA,March,0.135,3,0.283,0.0724,2021
Pennsylvania,PA,April,0.99621,4,0.99429,0.01184,2021
Pennsylvania,PA,May,0.08925,5,0.96971,0.283,2021
Pennsylvania,PA,June,0.99668,6,0.01385,0.98294,2021
Pennsylvania,PA,July,0.93883,7,0.02688,0.43936,2021
Pennsylvania,PA,August,0.71198,8,0.772,0.88,2021
Pennsylvania,PA,September,0.80405,9,0.80712,0.08514,2021
Pennsylvania,PA,October,0.204,10,0.03321,0.85936,2021
Pennsylvania,PA,November,0.719,11,0.93929,0.8122,2021
Pennsylvania,PA,December,0.14385,12,0.65272,0.99041,2021
Puerto Rico,PR,January,0.99218,1,0.79522,0.96971,2021
Puerto Rico,PR,February,0.01161,2,0.988,0.92004,2021
Puerto Rico,PR,March,0.18494,3,0.92489,0.93883,2021
Puerto Rico,PR,April,0.099,4,0.10101,0.91169,2021
Puerto Rico,PR,May,0.92455,5,0.95496,0.81625,2021
Puerto Rico,PR,June,0.99104,6,0.98875,0.87526,2021
Puerto Rico,PR,July,0.99377,7,0.98997,0.91735,2021
Puerto Rico,PR,August,0.46232,8,0.58685,0.13848,2021
Puerto Rico,PR,September,0.16594,9,0.97858,0.16972,2021
Puerto Rico,PR,October,0.77082,10,0.99444,0.94598,2021
Puerto Rico,PR,November,0.0692,11,0.22432,0.09471,2021
Puerto Rico,PR,December,0.93135,12,0.99331,0.082,2021
Rhode Island,RI,January,0.12225,1,0.57184,0.15752,2021
Rhode Island,RI,February,0.97216,2,0.03581,0.71304,2021
Rhode Island,RI,March,0.91938,3,0.87361,0.235,2021
Rhode Island,RI,April,0.99556,4,0.86763,0.86763,2021
Rhode Island,RI,May,0.76564,5,0.18,0.9052,2021
Rhode Island,RI,June,0.09701,6,0.76598,0.03712,2021
Rhode Island,RI,July,0.93206,7,0.95274,0.7835,2021
Rhode Island,RI,August,0.21052,8,0.02,0.73263,2021
Rhode Island,RI,September,0.06956,9,0.06727,0.56116,2021
Rhode Island,RI,October,0.10862,10,0.98647,0.78845,2021
Rhode Island,RI,November,0.008,11,0.2094,0.18999,2021
Rhode Island,RI,December,0.98997,12,0.74224,0.02848,2021
South Carolina,SC,January,0.14206,1,0.928,0.10101,2021
South Carolina,SC,February,0.22432,2,0.84419,0.04661,2021
South Carolina,SC,March,0.24285,3,0.14956,0.9758,2021
South Carolina,SC,April,0.87156,4,0.95303,0.26127,2021
South Carolina,SC,May,0.06117,5,0.08514,0.82518,2021
South Carolina,SC,June,0.94325,6,0.92455,0.03978,2021
South Carolina,SC,July,0.48904,7,0.79786,0.425,2021
South Carolina,SC,August,0.09471,8,0.9758,0.11349,2021
South Carolina,SC,September,0.1502,9,0.9058,0.11564,2021
South Carolina,SC,October,0.09147,10,0.86539,0.95496,2021
South Carolina,SC,November,0.78364,11,0.94469,0.10304,2021
South Carolina,SC,December,0.01776,12,0.6791,0.80405,2021
South Dakota,SD,January,0.31,1,0.87089,0.96154,2021
South Dakota,SD,February,0.8341,2,0.94032,0.00101,2021
South Dakota,SD,March,0.9175,3,0.89744,0.75281,2021
South Dakota,SD,April,0.56786,4,0.08,0.05084,2021
South Dakota,SD,May,0.89549,5,0.97635,0.23064,2021
South Dakota,SD,June,0.87089,6,0.237,0.05376,2021
South Dakota,SD,July,0.72586,7,0.66773,0.928,2021
South Dakota,SD,August,0.05829,8,0.001,0.988,2021
South Dakota,SD,September,0.9136,9,0.12844,0.07363,2021
South Dakota,SD,October,0.577,10,0.1598,0.016,2021
South Dakota,SD,November,0.93117,11,0.3733,0.87767,2021
South Dakota,SD,December,0.18512,12,0.92969,0.16167,2021
Tennessee,TN,January,0.18416,1,0.90379,0.9782,2021
Tennessee,TN,February,0.00408,2,0.9095,0.92279,2021
Tennessee,TN,March,0.07703,3,0.12705,0.83424,2021
Tennessee,TN,April,0.96098,4,0.9989,0.96098,2021
Tennessee,TN,May,0.97338,5,0.76564,0.93619,2021
Tennessee,TN,June,0.60576,6,0.94598,0.93676,2021
Tennessee,TN,July,0.181,7,0.97428,0.97858,2021
Tennessee,TN,August,0.12232,8,0.799,0.98845,2021
Tennessee,TN,September,0.13785,9,0.08829,0.30684,2021
Tennessee,TN,October,0.00941,10,0.94612,0.70838,2021
Tennessee,TN,November,0.81926,11,0.887,0.02321,2021
Tennessee,TN,December,0.0724,12,0.0825,0.69744,2021
Texas,TX,January,0.89119,1,0.07703,0.89335,2021
Texas,TX,February,0.92298,2,0.02568,0.95274,2021
Texas,TX,March,0.135,3,0.05376,0.98075,2021
Texas,TX,April,0.03917,4,0.10925,0.75876,2021
Texas,TX,May,0.59163,5,0.21808,0.799,2021
Texas,TX,June,0.87632,6,0.68196,0.00628,2021
Texas,TX,July,0.004,7,0.9175,0.26092,2021
Texas,TX,August,0.87901,8,0.65651,0.13225,2021
Texas,TX,September,0.26127,9,0.14385,0.02101,2021
Texas,TX,October,0.921,10,0.701,0.07469,2021
Texas,TX,November,0.0105,11,0.01728,0.18494,2021
Texas,TX,December,0.9346,12,0.02565,0.46232,2021
Utah,UT,January,0.93775,1,0.05954,0.86262,2021
Utah,UT,February,0.952,2,0.11136,0.74224,2021
Utah,UT,March,0.10716,3,0.95716,0.0105,2021
Utah,UT,April,0.987,4,0.03191,0.17032,2021
Utah,UT,May,0.082,5,0.987,0.04941,2021
Utah,UT,June,0.65651,6,0.84569,0.735,2021
Utah,UT,July,0.50548,7,0.2152,0.921,2021
Utah,UT,August,0.06624,8,0.99104,0.92729,2021
Utah,UT,September,0.03192,9,0.01613,0.9635,2021
Utah,UT,October,0.69027,10,0.9466,0.1246,2021
Utah,UT,November,0.9095,11,0.12342,0.85704,2021
Utah,UT,December,0.91558,12,0.02203,0.10716,2021
Vermont,VT,January,0.04431,1,0.20478,0.89119,2021
Vermont,VT,February,0.05388,2,0.00628,0.1653,2021
Vermont,VT,March,0.89744,3,0.26644,0.20478,2021
Vermont,VT,April,0.84248,4,0.96724,0.84094,2021
Vermont,VT,May,0.03581,5,0.17032,0.53292,2021
Vermont,VT,June,0.94753,6,0.02321,0.88169,2021
Vermont,VT,July,0.96224,7,0.56116,0.08,2021
Vermont,VT,August,0.08843,8,0.43079,0.00224,2021
Vermont,VT,September,0.83424,9,0.33142,0.90379,2021
Vermont,VT,October,0.03547,10,0.04095,0.10862,2021
Vermont,VT,November,0.76271,11,0.13107,0.87089,2021
Vermont,VT,December,0.645,12,0.98058,0.97338,2021
Virginia,VA,January,0.0864,1,0.93428,0.52,2021
Virginia,VA,February,0.24268,2,0.55,0.22918,2021
Virginia,VA,March,0.07469,3,0.95717,0.719,2021
Virginia,VA,April,0.663,4,0.01184,0.90738,2021
Virginia,VA,May,0.13901,5,0.10304,0.9095,2021
Virginia,VA,June,0.10147,6,0.85936,0.91759,2021
Virginia,VA,July,0.99429,7,0.04248,0.181,2021
Virginia,VA,August,0.007,8,0.76924,0.78948,2021
Virginia,VA,September,0.116,9,0.87767,0.06117,2021
Virginia,VA,October,0.75718,10,0.72926,0.85794,2021
Virginia,VA,November,0.23064,11,0.97338,0.94753,2021
Virginia,VA,December,0.95588,12,0.135,0.74277,2021
Virgin Islands,VI,January,0.35436,1,0.808,0.12225,2021
Virgin Islands,VI,February,0.82968,2,0.09703,0.83702,2021
Virgin Islands,VI,March,0.87361,3,0.69386,0.772,2021
Virgin Islands,VI,April,0.886,4,0.88,0.8976,2021
Virgin Islands,VI,May,0.08443,5,0.26092,0.008,2021
Virgin Islands,VI,June,0.55564,6,0.87632,0.87156,2021
Virgin Islands,VI,July,0.06276,7,0.9052,0.77796,2021
Virgin Islands,VI,August,0.98176,8,0.80405,0.94032,2021
Virgin Islands,VI,September,0.043,9,0.35436,0.3394,2021
Virgin Islands,VI,October,0.966,10,0.93442,0.206,2021
Virgin Islands,VI,November,0.93581,11,0.78364,0.85423,2021
Virgin Islands,VI,December,0.00832,12,0.03917,0.14729,2021
Washington,WA,January,0.05315,1,0.28287,0.99811,2021
Washington,WA,February,0.91919,2,0.05675,0.72516,2021
Washington,WA,March,0.92489,3,0.2165,0.03321,2021
Washington,WA,April,0.06727,4,0.83702,0.90257,2021
Washington,WA,May,0.02276,5,0.87024,0.10643,2021
Washington,WA,June,0.75943,6,0.147,0.19517,2021
Washington,WA,July,0.90001,7,0.18416,0.76412,2021
Washington,WA,August,0.56116,8,0.72586,0.90763,2021
Washington,WA,September,0.79416,9,0.03547,0.228,2021
Washington,WA,October,0.07125,10,0.02412,0.08843,2021
Washington,WA,November,0.96085,11,0.22918,0.584,2021
Washington,WA,December,0.701,12,0.85647,0.601,2021
West Virginia,WV,January,0.10509,1,0.97219,0.99561,2021
West Virginia,WV,February,0.01962,2,0.75718,0.16628,2021
West Virginia,WV,March,0.98528,3,0.09504,0.977,2021
West Virginia,WV,April,0.06419,4,0.00513,0.99236,2021
West Virginia,WV,May,0.48,5,0.87156,0.83079,2021
West Virginia,WV,June,0.83763,6,0.02627,0.89225,2021
West Virginia,WV,July,0.02627,7,0.98246,0.98644,2021
West Virginia,WV,August,0.86494,8,0.21052,0.19892,2021
West Virginia,WV,September,0.61504,9,0.13848,0.13107,2021
West Virginia,WV,October,0.91169,10,0.08843,0.00618,2021
West Virginia,WV,November,0.94825,11,0.94799,0.95303,2021
West Virginia,WV,December,0.77892,12,0.84281,0.30019,2021
Wisconsin,WI,January,0.89485,1,0.07363,0.3733,2021
Wisconsin,WI,February,0.86815,2,0.11564,0.14575,2021
Wisconsin,WI,March,0.8976,3,0.16059,0.20049,2021
Wisconsin,WI,April,0.799,4,0.04522,0.68196,2021
Wisconsin,WI,May,0.89838,5,0.9136,0.04522,2021
Wisconsin,WI,June,0.035,6,0.09309,0.82968,2021
Wisconsin,WI,July,0.00628,7,0.03978,0.55564,2021
Wisconsin,WI,August,0.9505,8,0.8976,0.97009,2021
Wisconsin,WI,September,0.99561,9,0.89335,0.71551,2021
Wisconsin,WI,October,0.66026,10,0.81584,0.97967,2021
Wisconsin,WI,November,0.78211,11,0.85423,0.00408,2021
Wisconsin,WI,December,0.90379,12,0.99914,0.9533,2021
Wyoming,WY,January,0.7916,1,0.89838,0.204,2021
Wyoming,WY,February,0.88455,2,0.9646,0.90511,2021
Wyoming,WY,March,0.90175,3,0.76412,0.9247,2021
Wyoming,WY,April,0.17501,4,0.90738,0.00816,2021
Wyoming,WY,May,0.62836,5,0.99218,0.58685,2021
Wyoming,WY,June,0.19517,6,0.88455,0.88963,2021
Wyoming,WY,July,0.2214,7,0.88679,0.01776,2021
Wyoming,WY,August,0.15159,8,0.02938,0.02565,2021
Wyoming,WY,September,0.82367,9,0.19517,0.97219,2021
Wyoming,WY,October,0.88169,10,0.09471,0.05107,2021
Wyoming,WY,November,0.93428,11,0.0864,0.00725,2021
Wyoming,WY,December,0.99331,12,0.268,0.84569,2021
